"Name","SamAccountName","EmailAddress","Enabled"
"student1","student1",,"True"
"rabia","rabia",,"True"
"Alice Dupont","alice.dupont",,"True"
"Bob Martin","bob.martin",,"True"
"Clara Leroy","clara.leroy",,"True"
"David Petit","david.petit",,"True"
